Timestamp,Level,Message
2026-04-02 15:04:37,Info,"Request Body: "
2026-04-02 15:05:20,Info,"Request Body: "
2026-04-02 15:08:12,Info,"Applied environment 'Test' to the current request."
2026-04-02 15:08:22,Info,"Request Body: "
2026-04-02 15:20:13,Info,"Applied environment 'Test' to the current request."
2026-04-02 15:20:25,Info,"Request Body: "
2026-04-02 15:38:51,Info,"Applied environment 'New Environment' to the current request."
2026-04-02 15:39:40,Info,"Applied environment 'New Environment' to the current request."
2026-04-02 15:43:13,Info,"Applied environment 'New Environment' to the current request."
2026-04-02 15:51:51,Info,"Request Body: "
2026-04-02 16:07:11,Info,"Applied environment 'New Environment' to the current request."
2026-04-02 16:08:04,Info,"Request Body: "
